Salmonella phage FSL SP-058	Salmonella enterica
Salmonella phage FSL SP-076	Salmonella enterica
Bacillus phage B4	Bacillus cereus
Pseudomonas phage MPK7	Pseudomonas aeruginosa
Staphylococcus phage SA12	Staphylococcus aureus
Pseudomonas phage MPK6	Pseudomonas aeruginosa
Vibrio phage VPUSM 8	Vibrio cholerae
Shigella phage SfIV	Shigella flexneri
Cyanophage PP	Phormidium foveolarumPlectonema
Salmonella phage SETP13	Salmonella enteritidis
Streptococcus phage TP-778L	Streptococcus thermophilus
Streptococcus phage phiBHN167	Streptococcus pneumoniae
Staphylococcus phage JS01	Staphylococcus aureus
Ralstonia phage RSK1	Ralstonia solanacearum
Ralstonia phage RSB3	Ralstonia solanacearum
Staphylococcus phage phiRS7	Staphylococcus saprophyticus
Burkholderia phage JG068	Burkholderia cenocepacia
Pseudomonas phage PAK_P5	Pseudomonas aeruginosa
Pseudomonas phage PAK_P2	Pseudomonas aeruginosa
Pseudomonas phage CHA_P1	Pseudomonas aeruginosa
Pseudomonas phage PAK_P1	Pseudomonas aeruginosa
Enterobacteria phage fiAA91-ss	Escherichia coli
Staphylococcus phage Sb-1	Staphylococcus aureus
Bacillus phage phiAGATE	Bacillus pumilus
Shigella phage pSf-1	Shigella flexneri
Escherichia phage Lw1	Escherichia coli
Salmonella phage SPN9CC	Salmonella sp
Xanthomonas citri phage CP2	Xanthomonas citri
Clostridium phage phiSM101	Clostridium perfringens
Aggregatibacter phage S1249	Aggregatibacter actinomycetemcomitans
Enterococcus phage EF62phi	Enterococcus faecalis
Streptococcus phage YMC-2011	Streptococcus salivarius
Streptococcus phage 20617	Streptococcus thermophilus
Rhizobium phage vB_RleS_L338C	Rhizobium leguminosarum
Oenococcus phage phiS13	Oenococcus oeni
Vibrio phage VH7D	Vibrio harveyi
Oenococcus phage phiS11	Oenococcus oeni
Staphylococcus phage phiSA12	Staphylococcus aureus
Pseudomonas phage TL	Pseudomonas aeruginosa
Pseudomonas phage phiPsa374	Pseudomonas syringae
Erwinia phage PhiEaH1	Erwinia amylovora
Edwardsiella phage eiAU-183	Edwardsiella ictaluri
Enterobacter phage PG7	Enterobacter cloacae
Stenotrophomonas phage Smp131	Stenotrophomonas maltophilia
Acinetobacter phage IME_AB3	Acinetobacter baumannii
Mycobacterium phage Adler	Mycobacterium abscessus
Escherichia phage KBNP1711	Escherichia coli
Bacillus phage phiCM3	Bacillus thuringiensis
Enterococcus phage IME-EF4	Enterococcus sp
Vibrio phage PVA1	Vibrio alginolyticus
Lactococcus phage phiL47	Lactococcus lactis
Pseudomonas phage PaBG	Pseudomonas aeruginosa
Aeromonas phage PX29	Aeromonas salmonicida
Rhodococcus phage ReqiPoco6	Rhodococcus equi
Rhodococcus phage ReqiDocB7	Rhodococcus equi
Yersinia phage Yep-phi	Yersinia pestis
Cronobacter phage CR9	Cronobacter sakazakii
Pseudomonas phage phiPto-bp6g	Pseudomonas tolaasii
Rhodococcus phage ReqiPine5	Rhodococcus equi
Psychrobacter phage Psymv2	Psychrobacter sp
Rhodococcus phage ReqiPepy6	Rhodococcus equi
Ralstonia phage RSB2	Ralstonia solanacearum
Flavobacterium phage 6H	Flavobacterium psychrophilum
Bacillus phage vB_BanS-Tsamsa	Bacillus anthracis
Pseudomonas phage vB_PaeP_Tr60_Ab31	Pseudomonas aeruginosa
Pseudoalteromonas phage RIO-1	Pseudoalteromonas marina
Serratia phage PS2	Serratia marcescens
Enterobacteria phage 9g	Escherichia coli
Enterococcus phage VD13	Enterococcus faecalis
Lactococcus phage P092	Lactococcus lactis
Lactococcus phage P118	Lactococcus lactis
Lactococcus phage P162	Lactococcus lactis
Lactococcus phage P078	Lactococcus lactis
Nitrincola phage 1M3-16	Nitrincola sp
Pelagibacter phage HTVC010P	Candidatus Pelagibacter
Pelagibacter phage HTVC019P	Candidatus Pelagibacter
Pelagibacter phage HTVC008M	Candidatus Pelagibacter
Edwardsiella phage PEi21	Edwardsiella ictaluri
Pelagibacter phage HTVC011P	Candidatus Pelagibacter
Vibrio phage CHOED	Vibrio anguillarum
Bacillus phage Bcp1	Bacillus cereus
Mycobacterium phage Jolie2	Mycobacterium smegmatis
Pseudomonas phage JD024	Pseudomonas aeruginosa
Listeria phage LMSP-25	Listeria monocytogenes
Listeria phage List-36	Listeria monocytogenes
Pseudomonas phage phiPSA1	Pseudomonas syringae
Cronobacter phage CR8	Cronobacter sakazakii
Pseudomonas phage phiPSA2	Pseudomonas syringae
Dinoroseobacter phage DFL12phi1	Dinoroseobacter shibae
Pseudomonas phage vB_PaeS_SCH_Ab26	Pseudomonas aeruginosa
Leuconostoc phage phiLNTR3	Leuconostoc mesenteroides
Leuconostoc phage phiLN6B	Leuconostoc pseudomesenteroides
Leuconostoc phage phiLN12	Leuconostoc pseudomesenteroides
Leuconostoc phage phiLN25	Leuconostoc mesenteroides
Leuconostoc phage phiLN34	Leuconostoc mesenteroides
Leuconostoc phage phiLNTR2	Leuconostoc mesenteroides
Leuconostoc phage phiLN03	Leuconostoc pseudomesenteroides
Staphylococcus phage DW2	Staphylococcus aureus
Citrobacter phage CR8	Citrobacter rodentium
Caulobacter phage CcrColossus	Caulobacter crescentus
Bacillus phage CampHawk	Bacillus subtilis
Bacillus phage Spock	Bacillus thuringiensis
Bacillus phage Page	Bacillus megaterium
Bacillus phage Staley	Bacillus megaterium
Salmonella phage Maynard	Salmonella typhimurium
Bacillus phage BigBertha	Bacillus thuringiensis
Bacillus phage Pony	Bacillus megaterium
Bacillus phage Grass	Bacillus subtilis
Salmonella phage Marshall	Salmonella enteritidis
Bacillus phage Slash	Bacillus megaterium
Clavibacter phage CN1A	Clavibacter michiganensis
Acinetobacter phage Petty	Acinetobacter baumannii
Acinetobacter phage Presley	Acinetobacter baumannii
Cronobacter phage vB_CsaM_GAP32	Cronobacter sakazakii
Staphylococcus phage StauST398-1	Staphylococcus aureus
Staphylococcus phage StauST398-4	Staphylococcus aureus
Staphylococcus phage StauST398-5	Staphylococcus aureus
Listeria phage LP-048	Listeria monocytogenes
Listeria phage LP-026	Listeria monocytogenes
Listeria phage LP-083-2	Listeria monocytogenes
Listeria phage LP-030-3	Listeria monocytogenes
Listeria phage LP-101	Listeria monocytogenes
Listeria phage LP-114	Listeria monocytogenes
Citrobacter phage CR44b	Citrobacter rodentium
Aureococcus anophagefferens virus	Aureococcus anophagefferens
Staphylococcus phage 6ec	Homo sapiens
Thermoanaerobacterium phage THSA-485A	Thermoanaerobacterium saccharolyticum
Synechococcus phage ACG-2014h	Synechococcus sp
Pseudomonas phage MP48	Pseudomonas aeruginosa
Acinetobacter phage YMC-13-01-C62	Acinetobacter baumannii
Listeria phage LMTA-148	Listeria monocytogenes
Vibrio phage ICP2_2013_A_Haiti	Vibrio cholerae
Bacillus phage Bobb	Bacillus thuringiensis
Pectobacterium phage PM1	Pectobacterium carotovorum
Microbacterium phage vB_MoxS-ISF9	Microbacterium oxydans
Ralstonia phage RSY1	Ralstonia solanacearum
Enterobacteria phage T4	Escherichia coli
Arthrobacter phage vB_ArS-ArV2	Arthrobacter sp
Staphylococcus phage YMC/09/04/R1988	methicillin-resistant Staphylococcus aureus YMC/09/04/R1988
Vibrio phage SHOU24	Vibrio parahaemolyticus
Geobacillus phage GBK2	Geobacillus kaustophilus
Stenotrophomonas phage SMA7	Stenotrophomonas maltophilia
Enterococcus phage IME_EF3	Enterococcus faecalis
Escherichia phage FFH2	Escherichia coli
Escherichia phage vB_EcoS_FFH1	Escherichia coli
Bacillus phage CAM003	Bacillus thuringiensis
Streptococcus phage K13	Streptococcus pneumoniae
Streptococcus phage DCC1738	Streptococcus pneumoniae
Streptococcus phage IC1	Streptococcus pneumoniae
Lactobacillus phage Ld25A	Lactobacillus delbrueckii
Lactobacillus phage Ld17	Lactobacillus delbrueckii
Lactobacillus phage Ld3	Lactobacillus delbrueckii
Bacillus phage Waukesha92	Bacillus thuringiensis
Staphylococcus phage P108	Staphylococcus aureus
Ruegeria phage DSS3-P1	Ruegeria pomeroyi
Rhizobium phage vB_RleM_P10VF	Rhizobium leguminosarum
Mesorhizobium phage vB_MloP_Lo5R7ANS	Mesorhizobium loti
Idiomarinaceae phage 1N2-2	Idiomarinaceae bacterium
Salmonella phage 9NA	Salmonella enterica
Escherichia phage ECML-134	Escherichia coli
Acinetobacter phage vB_AbaP_Acibel007	Acinetobacter baumannii
Aeromonas phage pAh6-C	Aeromonas hydrophila
Acinetobacter phage vB_AbaM_Acibel004	Acinetobacter baumannii
Enterococcus phage EfaCPT1	Enterococcus faecalis
Dickeya phage RC-2014	Dickeya sp
Idiomarinaceae phage Phi1M2-2	Idiomarinaceae bacterium
Lactoccocus phage WP-2	Lactococcus garvieae
Enterococcus phage IME-EFm1	Enterococcus faecium
Staphylococcus phage phiSa119	Staphylococcus aureus
Staphylococcus phage MCE-2014	Staphylococcus aureus
Staphylococcus phage Team1	Staphylococcus xylosus
Caulobacter phage Cr30	Caulobacter crescentus
Bacillus phage CP-51	Bacillus cereus
Shigella phage POCJ13	Shigella flexneri
Shigella phage Shf125875	Shigella flexneri
Listeria phage WIL-1	Listeria monocytogenes
Escherichia phage ECML-117	Escherichia coli
Enterobacteria phage J8-65	Escherichia coli
Escherichia phage ECML-4	Escherichia coli
Enterococcus phage EFC-1	Enterococcus faecalis
Shigella phage pSb-1	Shigella boydii
Yersinia phage vB_YenP_AP5	Yersinia enterocolitica
Escherichia phage vB_EcoM_112	Escherichia coli
Salmonella phage SE2	Salmonella enterica
Vibrio phage phi-A318	Vibrio alginolyticus
Shigella phage pSs-1	Shigella sonnei
Salmonella phage SETP7	Salmonella enteritidis
Salmonella phage L13	Salmonella gallinarum
Vibrio phage X29	Vibrio cholerae
Enterobacteria phage P88	Escherichia coli
Escherichia phage ECBP1	Escherichia coli
Escherichia phage ECBP2	Escherichia coli
Enterobacteria phage RB3	Escherichia coli
Enterobacteria phage RB27	Escherichia coli
Ralstonia phage RS603	Ralstonia solanacearum
Salmonella phage LSPA1	Salmonella paratyphi
Lelliottia phage phD2B	Lelliottia sp
Enterobacteria phage GEC-3S	Escherichia coli
Pseudomonas phage Pf1	Pseudomonas aeruginosa
Enterobacteria phage phiX174 sensu lato	Escherichia coli
Kluyvera phage Kvp1	Kluyvera cryocrescens
Enterobacteria phage WA13 sensu lato	Escherichia coli
Enterobacteria phage ID18 sensu lato	Escherichia coli
Enterobacteria phage G4 sensu lato	Escherichia coli
Enterobacteria phage K1F	Escherichia coli
Vibriophage VP4	Vibrio
Spiroplasma phage SVTS2	Spiroplasma
Salmonella phage FelixO1	Salmonella
Streptococcus phage 315.1	Streptococcus pyogenes
Lactobacillus phage phig1e	Lactobacillus
Salmonella phage ST64B	Salmonella enterica
Enterobacteria phage FI sensu lato	Escherichia coli
Enterobacteria phage SfV	Shigella flexneri
Spiroplasma phage 4	Spiroplasma melliferum
Haemophilus phage HP2	Haemophilus influenzae
Vibrio phage K139	Vibrio cholerae
Enterobacteria phage T3	Escherichia coli
Myxococcus phage Mx8	Myxococcus xanthus
Lactococcus phage BK5-T	Lactococcus lactis
Lactococcus phage TP901-1	Lactococcus lactis
Lactococcus phage Tuc2009	Lactococcus lactis
Lactococcus phage bIL312	Lactococcus lactis
Lactococcus phage bIL310	Lactococcus lactis
Lactococcus phage bIL309	Lactococcus lactis
Lactococcus phage bIL286	Lactococcus lactis
Lactococcus phage bIL311	Lactococcus lactis
Staphylococcus prophage phiPV83	Staphylococcus aureus
Vibrio phage fs2	Vibrio cholerae
Enterobacteria phage If1	Escherichia coli
Mycoplasma phage MAV1	Mycoplasma arthritidis
Methanobacterium phage psiM2	Methanobacterium thermoautotrophicum
Streptococcus phage Cp-1	Streptococcus pneumoniae
Haemophilus phage HP1	Haemophilus influenzae
Pseudomonas phage PP7	Pseudomonas aeruginosa
Enterobacteria phage P4	Escherichia coli
Enterobacteria phage T7	Escherichia coli
Pseudomonas phage Pf3	Pseudomonas aeruginosa
Enterobacteria phage Ike	Escherichia coli
Spiroplasma phage 1-R8A2B	Spiroplasma citri
Acholeplasma phage MV-L1	Acholeplasma laidlawii
Pseudomonas phage vB_PaeP_p2-10_Or1	Pseudomonas aeruginosa
Paracoccus phage vB_PmaS_IMEP1	Paracoccus marcusii
Lactobacillus phage Ldl1	Lactobacillus delbrueckii
Uncultured phage WW-nAnB strain 2	Homo sapiens
Uncultured phage WW-nAnB strain 3	Homo sapiens
Acinetobacter phage Bphi-B1251	Acinetobacter baumannii
Escherichia phage vB_EcoM_VR7	Escherichia coli
Rhizobium phage vB_RglS_P106B	Rhizobium gallicum
Lactococcus phage 1358	Lactococcus lactis
Sinorhizobium phage phiM12	Sinorhizobium meliloti
Staphylococcus phage phiBU01	Staphylococcus aureus
Anabaena phage A-4L	Anabaena variabilis
Citrobacter phage Moogle	Citrobacter freundii
Pseudomonas phage Pf-10	Pseudomonas fluorescens
Propionibacterium phage PHL150M00	Propionibacterium acnes
Rhizobium phage RHEph06	Rhizobium etli
Sulfitobacter phage NYA-2014a	Sulfitobacter sp
Propionibacterium phage PHL199M00	Propionibacterium acnes
Escherichia phage Av-05	Escherichia coli
Bacillus phage Mater	Bacillus megaterium
Bacillus phage Pascal	Bacillus megaterium
Bacillus phage Moonbeam	Bacillus megaterium
Escherichia phage Seurat	Escherichia coli
Bacillus phage Pookie	Bacillus megaterium
Aurantimonas phage AmM-1	Aurantimonas sp
Enterococcus phage ECP3	Enterococcus faecalis
Erwinia phage phiEa2809	Erwinia amylovora
Pseudomonas phage Pa2	Pseudomonas aeruginosa
Yersinia phage phiD1	Yersinia pestis
Escherichia phage PBECO 4	Escherichia coli
Vibrio phage PV94	Vibrio vulnificus
Escherichia phage EC6	Escherichia coli
Propionibacterium phage Pacnes 2012-15	Propionibacterium acnes
Enterobacteria phage Sf101	Shigella flexneri
Klebsiella phage K64-1	Klebsiella pneumoniae
Propionibacterium phage PHL055N00	Propionibacterium acnes
Propionibacterium phage PHL095N00	Propionibacterium acnes
Citrobacter phage Moon	Citrobacter freundii
Acinetobacter phage YMC13/03/R2096	Acinetobacter baumannii
Propionibacterium phage PHL070N00	Propionibacterium acnes
Propionibacterium phage PHL009M11	Propionibacterium acnes
Escherichia phage vB_EcoM-VpaE1	Escherichia coli
Enterobacteria phage SfI	Shigella flexneri
Lactococcus phage WRP3	Lactococcus lactis
Propionibacterium phage PHL171M01	Propionibacterium acnes
Propionibacterium phage PHL301M00	Propionibacterium acnes
Propionibacterium phage PHL025M00	Propionibacterium acnes
Leuconostoc phage Ln-9	Leuconostoc mesenteroides
Propionibacterium phage PHL082M00	Propionibacterium acnes
Enterobacteriaphage UAB_Phi87	Salmonella enterica
Propionibacterium phage PHL085N00	Propionibacterium acnes
Propionibacterium phage PHL116M00	Propionibacterium acnes
Proteus phage PM 75	Proteus mirabilis
Propionibacterium phage PHL132N00	Propionibacterium acnes
Propionibacterium phage PHL179M00	Propionibacterium acnes
Propionibacterium phage PHL030N00	Propionibacterium acnes
Leuconostoc phage Ln-8	Leuconostoc mesenteroides
Escherichia phage Pollock	Escherichia coli
Shigella phage SfMu	Shigella flexneri
Pseudomonas phage H70	Pseudomonas aeruginosa
Propionibacterium phage PHL092M00	Propionibacterium acnes
Propionibacterium phage PHL152M00	Propionibacterium acnes
Pseudomonas phage YH6	Pseudomonas aeruginosa
Propionibacterium phage PHL141N00	Propionibacterium acnes
Propionibacterium phage PHL041M10	Propionibacterium acnes
Vibrio phage J2	Vibrio cholerae
Escherichia phage vB_EcoP_SU10	Escherichia coli
Streptococcus phage SpSL1	Streptococcus pneumoniae
Vibrio phage QH	Vibrio cholerae
Salmonella phage STP4-a	Salmonella Typhimurium
Helicobacter phage KHP30	Helicobacter pylori
Helicobacter phage KHP40	Helicobacter pylori
Pseudomonas phage KPP25	Pseudomonas aeruginosa
Pseudomonas phage vB_PaeP_C2-10_Ab09	Pseudomonas aeruginosa
Pseudomonas phage vB_PaeM_PAO1_Ab27	Pseudomonas aeruginosa
Pseudomonas phage vB_PaeM_PAO1_Ab03	Pseudomonas aeruginosa
Pseudomonas phage vB_PaeS_PAO1_Ab18	Pseudomonas aeruginosa
Pseudomonas phage vB_PaeP_C2-10_Ab22	Pseudomonas aeruginosa
Pseudomonas phage vB_PaeM_C1-14_Ab28	Pseudomonas aeruginosa
Pseudomonas phage vB_PaeS_PAO1_Ab30	Pseudomonas aeruginosa
Pseudomonas phage vB_PaeP_PAO1_Ab05	Pseudomonas aeruginosa
Escherichia phage vB_EcoM_JS09	avian pathogenic
Salmonella phage Ent1	Salmonella enterica
Salmonella phage vB_SenS-Ent2	Salmonella enterica
Salmonella phage vB_SenS-Ent3	Salmonella enterica
Campylobacter phage CP30A	Campylobacter jejuni
Escherichia phage vB_EcoM-ep3	Escherichia coli
Enterococcus phage vB_Efae230P-4	Enterococcus faecium
Flavobacterium phage FCL-2	Flavobacterium columnare
Proteus phage PM16	Proteus mirabilis
Vibrio phage VP585	Vibrio parahaemolyticus
Escherichia phage vB_EcoP_24B	Escherichia coli
Staphylococcus phage SA1	Staphylococcus aureus
Escherichia phage K1-dep(4)	Escherichia coli
Escherichia phage K1-dep(1)	Escherichia coli
Enterobacteria phage RB68	Escherichia coli
Leuconostoc phage 1-A4	Leuconostoc mesenteroides
Escherichia phage vB_EcoM_ECO1230-10	Escherichia coli
Escherichia phage AR1	Escherichia coli
Lactobacillus phage phiPYB5	Lactobacillus fermentum
Pseudomonas phage phi6	Pseudomonas syringae
Pseudomonas phage phi6	Pseudomonas syringae
Pseudomonas phage phi6	Pseudomonas syringae
Pseudomonas phage phi8	Pseudomonas syringae
Pseudomonas phage phi8	Pseudomonas syringae
Pseudomonas phage phi13	Pseudomonas syringae
Pseudomonas phage phi2954	Pseudomonas syringae
Pseudomonas phage phi2954	Pseudomonas syringae
Bacillus phage BCP8-2	Bacillus cereus
Bacillus phage JBP901	Bacillus cereus
Pseudomonas phage PaP1	Pseudomonas aeruginosa
Escherichia phage ECBP5	Escherichia coli
Escherichia phage PA2	Escherichia coli
Proteus phage PM 85	Proteus mirabilis
Escherichia phage YD-2008.s	Escherichia coli
Synechococcus phage S-CBP2	Synechococcus sp
Synechococcus phage S-CBP1	Synechococcus sp
Synechococcus phage S-CBP3	Synechococcus sp
Synechococcus phage S-CBP4	Synechococcus sp
Lactobacillus phage phiLdb	Lactobacillus delbrueckii
Hydrogenobaculum phage 1	Hydrogenobaculum
Pseudomonas phage C11	Pseudomonas aeruginosa
Gordonia phage GTE8	Gordonia terrae
Enterobacteria phage VT2phi_272	Escherichia coli
Pseudomonas phage YMC11/02/R656	Pseudomonas aeruginosa
Escherichia phage phi191	Escherichia coli
Pseudomonas phage PPPL-1	Pseudomonas syringae
Cyanophage P-TIM40	Prochlorococcus sp
Klebsiella phage Kp2	Klebsiella pneumoniae
Gordonia phage GTE6	Gordonia terrae
Streptococcus phage Str-PAP-1	Streptococcus parauberis
Gordonia phage GMA3	Gordonia malaquae
Klebsiella phage KpV41	Klebsiella pneumoniae
Gordonia phage GMA7	Gordonia malaquae
Acinetobacter phage phiAB1	Acinetobacter baumannii
Sinorhizobium phage phiM9	Sinorhizobium meliloti
Acinetobacter phage vB_AbaP_PD-AB9	Acinetobacter baumannii
Acinetobacter phage vB_AbaP_PD-6A3	Acinetobacter baumannii
Shigella phage Ss-VASD	Shigella sonnei
Klebsiella phage vB_Kp1	Klebsiella pneumoniae
Propionibacterium phage PA1-14	Propionibacterium acnes
Streptococcus phage T12	Streptococcus pyogenes
Delftia phage IME-DE1	Delftia sp
Cronobacter phage PBES 02	Cronobacter sp
Salmonella phage f18SE	Salmonella enterica
Mannheimia phage vB_MhS_587AP2	Mannheimia haemolytica
Edwardsiella phage PEi20	Edwardsiella ictaluri
Klebsiella phage Matisse	Klebsiella pneumoniae
Enterobacteria phage WPhi	Escherichia coli
Acinetobacter phage AB3	carbapenem-resistant Acinetobacter baumannii
Cellulophaga phage phi4:1	Cellulophaga baltica
Cellulophaga phage phi19:3	Cellulophaga baltica
Cellulophaga phage phi18:1	Cellulophaga baltica
Cellulophaga phage phi12:1	Cellulophaga baltica
Cellulophaga phage phi46:3	Cellulophaga baltica
Cellulophaga phage phi48:2	Cellulophaga baltica
Cellulophaga phage phi18:3	Cellulophaga baltica
Cellulophaga phage phi17:1	Cellulophaga baltica
Cellulophaga phage phi38:1	Cellulophaga baltica
Cellulophaga phage phi12:2	Cellulophaga baltica
Cellulophaga phage phi17:2	Cellulophaga baltica
Cellulophaga phage phi19:1	Cellulophaga baltica
Cellulophaga phage phi46:1	Cellulophaga baltica
Cellulophaga phage phi10:1	Cellulophaga baltica
Cellulophaga phage phi13:2	Cellulophaga baltica
Cellulophaga phage phi39:1	Cellulophaga baltica
Cellulophaga phage phi12a:1	Cellulophaga baltica
Cellulophaga phage phi14:2	Cellulophaga baltica
Salmonella phage Shivani	Salmonella enterica
Paenibacillus phage HB10c2	Paenibacillus larvae
Proteus phage vB_PmiM_Pm5461	Proteus mirabilis
Staphylococcus phage phiIPLA-RODI	Staphylococcus sp
Mannheimia phage vB_MhM_3927AP2	Mannheimia haemolytica
Achromobacter phage JWX	Achromobacter xylosoxidans
Klebsiella phage Sushi	Klebsiella pneumoniae
Staphylococcus phage 23MRA	Staphylococcus aureus
Bacillus phage Pavlov	Bacillus megaterium
Klebsiella phage 1513	Klebsiella pneumoniae
Bacillus phage VMY22	Bacillus cereus
Enterobacter phage E-3	Enterobacter cloacae
Vibrio phage phi 1	Vibrio cholerae
Klebsiella phage K5	Klebsiella pneumoniae
Streptomyces phage SF1	Streptomyces flavovirens
Proteus phage pPM_01	Proteus mirabilis
Klebsiella phage vB_KpnP_SU503	Klebsiella pneumoniae
Pseudoalteromonas phage H103	Pseudoalteromonas marina
Yersinia phage vB_YenM_TG1	Yersinia enterocolitica
Staphylococcus phage StB20-like	Staphylococcus epidermidis
Escherichia phage P483	Escherichia coli
Enterococcus phage IME-EFm5	Enterococcus faecium
Achromobacter phage 83-24	Achromobacter xylosoxidans
Acinetobacter phage Fri1	Acinetobacter baumannii
Yersinia phage vB_YenP_ISAO8	Yersinia enterocolitica
Mannheimia phage vB_MhS_535AP2	Mannheimia haemolytica
Acinetobacter phage YMC11/12/R2315	Acinetobacter sp
Staphylococcus phage vB_SauS_phi2	Staphylococcus aureus
Escherichia phage P694	Escherichia coli
Tsukamurella phage TIN2	Tsukamurella inchonensis
Klebsiella phage vB_KpnP_SU552A	Klebsiella pneumoniae
Listeria phage vB_LmoS_188	Listeria monocytogenes
Escherichia phage HY02	Escherichia coli
Pseudomonas phage PaMx42	Pseudomonas aeruginosa
Enterobacteria phage vB_EcoM_VR5	Escherichia coli
Pseudomonas phage vB_PaeM_PS24	Pseudomonas aeruginosa
Escherichia phage vB_EcoM_VR20	Escherichia coli
Vibrio phage phi 3	Vibrio cholerae
Escherichia phage pro147	Escherichia coli
Mannheimia phage vB_MhM_587AP1	Mannheimia haemolytica
Ralstonia phage RSF1	Ralstonia solanacearum
Escherichia phage 172-1	Escherichia coli
Proteus phage vB_PmiP_Pm5460	Proteus mirabilis
Staphylococcus phage 3MRA	Staphylococcus aureus
Escherichia phage vB_EcoM_VR25	Escherichia coli
Bacillus phage Palmer	Bacillus megaterium
Listeria phage vB_LmoS_293	Listeria monocytogenes
Pseudomonas phage PhiCHU	Pseudomonas aeruginosa
Pseudomonas phage vB_Pae_PS44	Pseudomonas aeruginosa
Escherichia phage pro483	Escherichia coli
Streptomyces phage SF3	Streptomyces flavovirens
Mannheimia phage vB_MhS_1152AP2	Mannheimia haemolytica
Escherichia phage vB_EcoM_VR26	Escherichia coli
Staphylococcus phage phiIPLA-C1C	Staphylococcus sp
Tsukamurella phage TIN3	Tsukamurella inchonensis
Propionibacterium phage PAC1	Propionibacterium acnes
Gordonia phage Gmala1	Gordonia sp
Klebsiella phage vB_KpnP_KpV289	Klebsiella pneumoniae
Ralstonia phage RSJ2	Ralstonia solanacearum
Acinetobacter phage phiAC-1	Acinetobacter soli
Enterobacteria phage JenP2	Escherichia coli
Pseudomonas phage PhiPA3	Pseudomonas aeruginosa
Stenotrophomonas phage IME13	Stenotrophomonas maltophilia
Microcystis phage MaMV-DC	Microcystis aeruginosa
Streptomyces phage phiSAJS1	Streptomyces avermitilis
Ralstonia phage RSJ5	Ralstonia solanacearum
Enterococcus phage EFDG1	Enterococcus faecalis
Staphylococcus phage SA97	Staphylococcus aureus
Parabacteroides phage YZ-2015a	Parabacteroides distasonis
Citrobacter phage IME-CF2	Citrobacter freundii
Parabacteroides phage YZ-2015b	Parabacteroides merdae
Pseudomonas phage KPP21	Pseduomonas aeruginosa
Stenotrophomonas phage vB_SmaS-DLP_2	Stenotrophomonas maltophilia
Enterobacteria phage JenK1	Escherichia coli
Escherichia phage JH2	Escherichia coli
Staphylococcus phage IME-SA4	Staphylococcus haemolyticus
Enterococcus phage EFLK1	Enterococcus faecalis
Enterobacteria phage JenP1	Escherichia coli
Streptococcus phage APCM01	Streptococcus mutans
Synechococcus phage S-CBP42	Synechococcus sp
Citrobacter phage Margaery	Citrobacter sp
Enterobacter phage phiEap-1	Enterobacter aerogenes
Bacillus phage Stahl	Bacillus megaterium
Citrobacter phage Merlin	Citrobacter freundii
Citrobacter phage phiCFP-1	Citrobacter freundii
Bacillus phage phi4B1	Bacillus thuringiensis
Clostridium phage phiCT453A	Clostridium tetani
Clostridium phage phiCT453B	Clostridium tetani
Clostridium phage phiCT19406C	Clostridium tetani
Bacillus phage phi4J1	Bacillus thuringiensis
Clostridium phage phiCT9441A	Clostridium tetani
Pseudomonas phage PaMx11	Pseudomonas aeruginosa
Pseudomonas phage PaMx28	Pseudomonas aeruginosa
Pseudomonas phage PaMx74	Pseudomonas aeruginosa
Streptococcus phage M102AD	Streptococcus mutans
Staphylococcus phage B166	Staphylococcus aureus
Staphylococcus phage B236	Staphylococcus aureus
Lactobacillus phage phi jlb1	Lactobacillus gasseri
Clostridium phage phiCD111	Clostridium difficile
Clostridium phage phiCD146	Clostridium difficile
Clostridium phage phiCD481-1	Clostridium difficile
Clostridium phage phiCD505	Clostridium difficile
Clostridium phage phiCD506	Clostridium difficile
Clostridium phage phiMMP01	Clostridium difficile
Clostridium phage phiMMP03	Clostridium difficile
Bacillus phage Stills	Bacillus megaterium
Phormidium phage MIS-PhV1B	Phormidium sp
Pseudomonas phage LKA1	Pseudomonas aeruginosa
Vibrio phage CTX	Vibrio cholerae
Pseudoalteromonas phage H105/1	Pseudoalteromonas sp
Enterobacteria phage phi92	Escherichia coli
Phormidium phage MIS-PhV1A	Phormidium sp
Staphylococcus phage SMSAP5	Staphylococcus aureus
Sinorhizobium phage phiLM21	Sinorhizobium sp
Verrucomicrobia phage P8625	Puniceicoccales sp
Escherichia phage Stx2 II	Escherichia coli
Guinea pig Chlamydia phage	Chlamydia psittaci
Staphylococcus phage phiJB	Staphylococcus aureus
Vibrio phage qdvp001	Vibrio parahaemolyticus
Lactobacillus phage LfeInf	Lactobacillus fermentum
Gordonia phage GordDuk1	Gordonia sp
Rhodoferax phage P26218	Rhodoferax sp
Pseudomonas phage PS-1	Pseudomonas sp
Lactobacillus phage LfeSau	Lactobacillus fermentum
Gordonia phage GordTnk2	Gordonia sp
Achromobacter phage JWF	Achromobacter xylosoxidans
Erysipelothrix phage SE-1	Erysipelothrix rhusiopathiae
Escherichia phage APCEc01	Escherichia coli
Caulobacter phage Percy	Caulobacter sp
Pseudoalteromonas phage H101	Pseudoalteromonas marina
Klebsiella phage KP36	Klebsiella pneumoniae
Enterobacter phage E-2	Enterobacter cloacae
Ralstonia phage RS138	Ralstonia solanacearum
Lactococcus phage GE1	Lactococcus garvieae
Staphylococcus phage SPbeta-like	Staphylococcus epidermidis
Shigella phage 75/02 Stx	Shigella sonnei
Bacillus phage Bp8p-C	Bacillus pumilus
Pseudomonas phage PaoP5	Pseudomonas aeruginosa
Achromobacter phage phiAxp-2	Achromobacter xylosoxidans
Cronobacter phage Dev2	Cronobacter turicensis
Clostridium phage phiCDHM13	Clostridium difficile
Pectobacterium phage Peat1	Pectobacterium atrosepticum
Proteus phage PM 93	Proteus mirabilis
Staphylococcus phage 812	Staphylococcus
Achromobacter phage phiAxp-1	Achromobacter xylosoxidans
Paenibacillus phage Vegas	Paenibacillus larvae
Paenibacillus phage Xenia	Paenibacillus larvae
Paenibacillus phage Fern	Paenibacillus larvae
Paenibacillus phage Harrison	Paenibacillus larvae
Pseudomonas phage K8	Pseudomonas aeruginosa
Pseudomonas phage DL62	Pseudomonas aeruginosa
Pseudomonas phage DL60	Pseudomonas aeruginosa
Pseudomonas phage DL64	Pseudomonas aeruginosa
Pseudomonas phage DL54	Pseudomonas aeruginosa
Pseudomonas phage DL68	Pseudomonas aeruginosa
Yersinia phage phiR201	Yersinia enterocolitica
Vibrio phage VFJ	Vibrio cholerae
Chlamydia phage 2	Chlamydia psittaci
Escherichia phage slur16	Escherichia coli
Escherichia phage slur14	Escherichia coli
Escherichia phage slur05	Escherichia coli
Escherichia phage slur01	Escherichia coli
Escherichia phage slur02	Escherichia coli
Escherichia Stx1 converting phage	Escherichia coli
Enterobacteria phage cdtI	Escherichia coli
Vibrio phage phiVC8	Vibrio cholerae
Pectobacterium phage phiTE	Pectobacterium atrosepticum
Escherichia phage CAjan	Escherichia coli
Pseudomonas phage PAK_P3	Pseudomonas aeruginosa
Vibrio phage ValKK3	Vibrio alginolyticus
Escherichia phage CICC 80001	Escherichia coli
Shigella phage pSf-2	Shigella flexneri
Rhizobium phage vB_RleM_PPF1	Rhizobium leguminosarum
Pseudoalteromonas phage Pq0	Pseudoalteromonas sp
Xylella phage Paz	Xylella fastidiosa
Xylella phage Prado	Xylella fastidiosa
Croceibacter phage P2559Y	Croceibacter atlanticus
Pseudomonas phage PAE1	Pseudomonas aeruginosa
Cronobacter phage CR5	Cronobacter sakazakii
Pseudomonas phage vB_PaeS_PM105	Pseudomonas aeruginosa
Enterobacter phage phiEap-2	Enterobacter aerogenes
Cronobacter phage S13	Cronobacter sakazakii
Lactobacillus phage iLp84	Lactobacillus paracasei
Lactobacillus phage iA2	Lactobacillus paracasei
Lactobacillus phage CL2	Lactobacillus paracasei
Lactobacillus phage CL1	Lactobacillus paracasei
Lactobacillus phage iLp1308	Lactobacillus paracasei
Pseudomonas phage YH30	Pseudomonas aeruginosa
Arthrobacter phage vB_ArtM-ArV1	Arthrobacter sp
Enterococcus phage vB_EfaS_IME197	Enterococcus faecalis
Enterococcus phage vB_EfaP_IME195	Enterococcus faecalis
Enterococcus phage vB_EfaS_IME196	Enterococcus faecalis
Enterococcus phage vB_EfaS_IME198	Enterococcus faecalis
Chimpanzee faeces associated microphage 2	Pan troglodytes
Chimpanzee faeces associated microphage 3	Pan troglodytes
Chimpanzee faeces associated microphage 1	Pan troglodytes
Lactococcus phage r1t	Lactococcus lactis
Staphylococcus phage PVL	Staphylococcus aureus
Roseobacter phage SIO1	Rosebacter SIO67
Enterobacteria phage ST104	Salmonella typhimurium
Salmonella phage Vi06	Salmonella enterica
Streptococcus phage Dp-1	Streptococcus pneumoniae
Erwinia phage vB_EamP-L1	Erwinia amylovora
Escherichia phage PE3-1	Escherichia coli
Clostridium phage phiCT19406B	Clostridium tetani
Clostridium phage phiCT19406A	Clostridium tetani
Escherichia phage SUSP1	Escherichia coli
Escherichia phage SUSP2	Escherichia coli
Gordonia phage GMA1	Gordonia malaquae
Bacillus phage SPG24	Bacillus subtilis
Gordonia phage GMA5	Gordonia malaquae
Pseudomonas phage JBD69	Pseudomonas aeruginosa
Pseudomonas phage YMC11/07/P54_PAE_BP	carbapenem-resistant Pseudomonas aeruginosa YMC11/07/P54
Pseudomonas phage JBD93	Pseudomonas aeruginosa
Salmonella phage 118970_sal4	Salmonella enterica
Bacillus phage Shbh1	Bacillus sp
Pseudomonas phage phi2	Pseudomonas aeruginosa
Gordonia phage Gsput1	Gordonia sputi
Gordonia phage GMA4	Gordonia malaquae
Pseudomonas phage phi3	Pseudomonas aeruginosa
Bacillus phage vB_BhaS-171	Bacillus halmapalus
Gordonia phage GMA6	Gordonia malaquae
Pseudomonas phage K5	Pseudomonas aeruginosa
Tsukamurella phage TPA4	Tsukamurella paurometabola
Bacillus phage Eldridge	Bacillus megaterium
Pseudomonas phage YMC11/06/C171_PPU_BP	Pseudomonas putida
Pseudomonas phage JBD44	Pseudomonas aeruginosa
Staphylococcus phage Stau2	Staphylococcus aureus
Pseudomonas phage vB_PsyM_KIL1	Pseudomonas syringae
Gordonia phage GRU3	Gordonia rubropertincta
Bacillus phage BalMu-1	Bacillus alcalophilus
Streptococcus phage phiARI0923	Streptococcus pneumoniae
Clostridium phage phiCTC2A	Clostridium tetani
Clostridium phage phiCTC2B	Clostridium tetani
Shigella phage SHFML-11	Shigella sonnei
Lactobacillus phage PLE3	Lactobacillus casei
Bacillus phage AR9	Bacillus subtilis
Acinetobacter phage phiAB6	Acinetobacter baumannii
Citrobacter phage SH3	Citrobacter freundii
Lactococcus phage M6162	Lactococcus lactis
Lactococcus phage PLgT-1	Lactococcus garvieae
Morganella phage vB_MmoM_MP1	Morganella sp
Bacillus phage Belinda	Bacillus thuringiensis
Shigella phage SHBML-50-1	Shigella sonnei
Enterobacteria phage UAB_Phi20	Salmonella enterica
Enterococcus phage SANTOR1	Enterococcus faecalis
Pseudomonas phage MD8	Pseudomonas aeruginosa
Staphylococcus phage SLPW	Staphylococcus aureus
Lactococcus phage D4412	Lactococcus lactis
Shigella phage SHFML-26	Shigella sonnei
Lactococcus phage 28201	Lactococcus lactis
Pseudomonas phage Andromeda	Pseudomonas syringae
Lactococcus phage 63301	Lactococcus lactis
Citrobacter phage SH4	Citrobacter freundii
Shigella phage SHSML-45	Shigella sonnei
Klebsiella phage KpV475	Klebsiella pneumoniae
Salmonella phage phSE-2	Salmonella typhimurium
Lactobacillus phage PLE2	Lactobacillus casei
Lactococcus phage 50101	Lactococcus lactis
Salmonella phage NR01	Salmonella typhimurium
Lactococcus phage M6165	Lactococcus lactis
Escherichia phage HY03	Escherichia coli
Enterobacteria phage vB_EcoS_NBD2	Escherichia coli
Klebsiella phage PKP126	Klebsiella pneumoniae
Bacillus phage PfEFR-5	Bacillus cereus
Rhodovulum phage vB_RhkS_P1	Rhodovulum sp
Pseudomonas phage PEV2	Pseudomonas aeruginosa
Lactococcus phage 98201	Lactococcus lactis
Citrobacter phage SH1	Citrobacter freundii
Pectobacterium phage PP16	Pectobacterium carotovorum
Lactococcus phage D4410	Lactococcus lactis
Lactococcus phage M5938	Lactococcus lactis
Propionibacterium phage PFR1	Propionibacterium freudenreichii
Escherichia phage vB_EcoM_Alf5	Escherichia coli
Shigella phage SHSML-52-1	Shigella sonnei
Citrobacter phage SH2	Citrobacter freundii
Klebsiella phage PKO111	Klebsiella oxytoca
Pectobacterium phage PP90	Pectobacterium atrosepticum
Weissella phage WCP30	Weissella sp
Escherichia phage vB_EcoM-UFV13	Escherichia coli
Propionibacterium phage PFR2	Propionibacterium freudenreichii
Pseudomonas phage phiMK	Pseudomonas aeruginosa
Escherichia phage 64795_ec1	Escherichia coli
Morganella phage vB_MmoP_MP2	Morganella sp
Acinetobacter phage LZ35	Acinetobacter baumannii
Salmonella phage vB_SalM_PM10	Salmonella typhimurium
Salmonella phage SJ46	Salmonella enterica
Bacillus phage Deep Blue	Bacillus cereus
Klebsiella phage KP15	Klebsiella pneumoniae
Klebsiella phage KP27	Klebsiella pneumoniae
Shewanella phage Spp001	Shewanella putrefaciens
Cyanophage S-RIM32	Synechococcus sp
Staphylococcus phage CNPx	Staphylococcus epidermidis
Enterococcus phage Ec-ZZ2	Enterococcus faecium
Acinetobacter phage vB_AbaM_phiAbaA1	Acinetobacter baumannii
Cyanophage S-RIM50	Synechococcus sp
Klebsiella phage KpV71	Klebsiella pneumoniae
Brucella phage BiPBO1	Brucella inopinata
Pseudomonas phage O4	Pseudomonas aeruginosa
Pseudomonas phage PAK_P4	Pseudomonas aeruginosa
Synechococcus phage S-PM2	Synechococcus sp
Bacillus phage vB_BtS_BMBtp3	Bacillus thuringiensis
Mycobacterium phage Tweety	Mycobacterium smegmatis
Citrobacter phage Michonne	Citrobacter freundii
Synechococcus phage S-CAM4	Synechococcus sp
Flavobacterium phage Fpv5	Flavobacterium psychrophilum
Flavobacterium phage Fpv11	Flavobacterium psychrophilum
Streptococcus phage phiARI0131-1	Streptococcus pneumoniae
Salmonella phage 100268_sal2	Salmonella enterica
Synechococcus phage S-CAM22	Synechococcus sp
Flavobacterium phage Fpv3	Flavobacterium psychrophilum
Flavobacterium phage Fpv7	Flavobacterium psychrophilum
Synechococcus phage S-CAM3	Synechococcus sp
Streptococcus phage phiARI0746	Streptococcus pneumoniae
Pseudoalteromonas phage PH1	Pseudoalteromonas marina
Campylobacter phage PC14	Campylobacter jejuni
Streptococcus phage phiARI0031	Streptococcus pneumoniae
Flavobacterium phage 1H	Flavobacterium psychrophilum
Flavobacterium phage Fpv20	Flavobacterium psychrophilum
Streptococcus phage phiARI0460-1	Streptococcus pneumoniae
Flavobacterium phage Fpv1	Flavobacterium psychrophilum
Streptococcus phage phiARI0468-4	Streptococcus pneumoniae
Pseudoalteromonas phage BS5	Pseudoalteromonas atlantica
Flavobacterium phage Fpv8	Flavobacterium psychrophilum
Streptococcus phage phiARI0004	Streptococcus pneumoniae
Synechococcus phage S-CAM9	Synechococcus sp
Streptococcus phage phiARI0468-2	Streptococcus pneumoniae
Salmonella phage IME207	Klebsiella pneumoniae
Flavobacterium phage 2A	Flavobacterium psychrophilum
Synechococcus phage S-CAM7	Synechococcus sp
Escherichia phage WG01	Escherichia coli
Streptococcus phage phiARI0468-1	Streptococcus pneumoniae
Salmonella phage 118970_sal1	Salmonella enterica
Flavobacterium phage Fpv2	Flavobacterium psychrophilum
Flavobacterium phage Fpv10	Flavobacterium psychrophilum
Escherichia phage MX01	Escherichia coli
Synechococcus phage S-WAM2	Synechococcus sp
Gordonia phage GAL1	Gordonia alkanivorans
Flavobacterium phage Fpv6	Flavobacterium psychrophilum
Salmonella phage 118970_sal3	Salmonella enterica
Streptococcus phage phiARI0131-2	Streptococcus pneumoniae
Streptococcus phage phiARI0462	Streptococcus pneumoniae
Synechococcus phage S-WAM1	Synechococcus sp
Salmonella phage 103203_sal5	Salmonella enterica
Salmonella phage 64795_sal3	Salmonella enterica
Salmonella phage BPS11Q3	Salmonella enterica
Salmonella phage 118970_sal2	Salmonella enterica
Escherichia phage LM33_P1	Escherichia coli
Salmonella phage SEN5	Salmonella enterica
Salmonella phage SEN4	Salmonella enterica
Salmonella phage MA12	Salmonella enterica
Salmonella phage GG32	Salmonella enterica
Salmonella phage SEN22	Salmonella enterica
Salmonella phage SEN1	Salmonella enterica
Acinetobacter phage vB_AbaS_TRS1	Acinetobacter baumannii
Pseudomonas phage phi12	Pseudomonas syringae
Vibrio phage VPMS1	Vibrio parahaemolyticus
Synechococcus phage S-MbCM100	Synechococcus sp
Bacillus phage BM5	Bacillus megaterium
Rhizobium phage RHEph10	Rhizobium etli
Delftia phage RG-2014	Delftia tsuruhatensis
Achromobacter phage phiAxp-3	Achromobacter xylosoxidans
Pseudomonas phage phi8	Pseudomonas syringae
Pseudomonas phage phi13	Pseudomonas syringae
Pseudomonas phage phi12	Pseudomonas syringae
Pseudomonas phage phi13	Pseudomonas syringae
Pseudomonas phage phi12	Pseudomonas syringae
Salmonella phage vB_SPuM_SP116	Salmonella enterica
Salmonella phage SEN34	Salmonella enterica
Prochlorococcus phage P-TIM68	Prochlorococcus sp
Klebsiella phage vB_KpnM_KpV477	Klebsiella pneumoniae
Staphylococcus phage StB12	Staphylococcus hominis
Escherichia phage Bp4	Escherichia coli
Vibrio phage VpKK5	Vibrio parahaemolyticus
Citrobacter phage CVT22	Citrobacter sp
Corynebacterium phage BFK20	Brevibacterium flavum
Morganella phage MmP1	Morganella morganii
Synechococcus phage P60	Synechococcus sp
Acinetobacter phage vB_AbaM_IME200	Acinetobacter baumannii
uncultured crAssphage	unclassified bacterium
Clostridium phage phiCD211	Clostridium difficile
Mycobacterium phage First	Mycobacterium smegmatis
Mycobacterium phage 20ES	Mycobacterium smegmatis
Mycobacterium phage CRB1	Mycobacterium smegmatis
Mycobacterium phage Phlei	Mycobacterium phlei
Salmonella phage BPS15Q2	Salmonella enterica
Enterobacter phage Arya	Enterobacter sp
Enterobacter phage Tyrion	Enterobacter sp
Streptococcus phage 5093	Streptococcus thermophilus
Lactobacillus phage KC5a	Lactobacillus gasseri
Staphylococcus phage SpaA1	Staphylococcus pasteuri
Marinomonas phage P12026	Marinomonas sp
Nonlabens phage P12024S	Persicivirga sp
Nonlabens phage P12024L	Persicivirga sp
Leuconostoc phage Lmd1	Leuconostoc mesenteroides
Pseudomonas phage MP42	Pseudomonas aeruginosa
Croceibacter phage P2559S	Croceibacter atlanticus
Burkholderia phage KL1	Burkholderia cenocepacia
Celeribacter phage P12053L	Celeribacter sp
Burkholderia phage AH2	Burkholderia cenocepacia
Pseudomonas phage MP1412	Pseudomonas aeruginosa
Cronobacter phage phiES15	UV-induced Cronobacter sakazakii ES15
Enterobacteria phage 933W	Escherichia coli
Vibrio phage VfO3K6	Vibrio parahaemolyticus
Vibrio phage VfO4K68	Vibrio parahaemolyticus
Bdellovibrio phage phiMH2K	Bdellovibrio bacteriovorus
Lactococcus phage bIL285	Lactococcus lactis
Salmonella phage HK620	Escherichia coli
Listeria phage 2389	Listeria monocytogenes
Sinorhizobium phage PBC5	Sinorhizobium meliloti
Halorubrum phage HF2	Halorubrum coriense
Mycobacterium phage TM4	Mycobacterium avium
Propionibacterium phage B5	Propionibacterium freudenreichii
Clostridium phage phi3626	Clostridium perfringens
Spiroplasma phage 1-C74	Spiroplasma citri
Natrialba phage PhiCh1	Natrialba magadii
Vibrio phage VHML	Vibrio harveyi
Pseudoalteromonas phage PM2	Pseudoalteromonas
Pseudomonas phage phiKZ	Pseudomonas aeruginosa
Pseudomonad phage gh-1	Pseudomonas putida
Staphylococcus phage P68	Staphylococcus aureus
Mycobacterium phage Barnyard	Mycobacterium
Vibrio phage VGJphi	Vibrio cholerae
Yersinia phage L-413C	Yersinia pestis
Lactococcus phage P335 sensu lato	Lactococcus lactis
Enterobacteria phage BP-4795	Escherichia coli
Streptococcus phage C1	Streptococcus sp
Streptococcus phage SM1	Streptococcus mitis
Enterobacteria phage RB49	Escherichia coli
Mycobacterium phage Rosebush	Mycobacterium
Burkholderia phage BcepNazgul	Burkholderia cepacia
Ralstonia phage p12J	Ralstonia pickettii
Mycobacterium phage Bxz1	Mycobacterium
Bacillus phage Bam35c	Bacillus thuringiensis
Vibrio phage VpV262	Vibrio parahaemolyticus
Lactococcus phage ul36	Lactococcus lactis
Yersinia phage phiA1122	Yersinia pestis
Vibrio phage VSK	Vibrio cholerae
Lactobacillus prophage Lj928	Lactobacillus johnsonii
Lactobacillus prophage Lj965	Lactobacillus johnsonii
Lactococcus phage phiLC3	Lactococcus lactis
Pseudomonas phage PaP2	Pseudomonas aeruginosa
Vibrio phage VP5	Vibrio cholerae
Pseudomonas phage phiCTX	Pseudomonas aeruginosa
Vibrio phage KVP40	Vibrio parahaemolyticus
Rhodothermus phage RM378	Rhodothermus marinus
Vibrio phage VP2	Vibrio cholerae
Lactobacillus phage phiAT3	Lactobacillus casei
Streptomyces phage VWB	Streptomyces venezuelae
Klebsiella phage phiKO2	Klebsiella oxytoca
Shigella phage Sf6	Shigella flexneri
Staphylococcus phage phiN315	Staphylococcus aureus
Streptococcus phage 315.2	Streptococcus pyogenes
Streptococcus phage 315.3	Streptococcus pyogenes
Streptococcus phage 315.4	Streptococcus pyogenes
Streptococcus phage 315.5	Streptococcus pyogenes
Streptococcus phage 315.6	Streptococcus pyogenes
Pseudomonas phage B3	Pseudomonas aeruginosa
Bacillus phage BCJA1c	Bacillus clarkii
Vibrio phage KSF1	Vibrio cholerae
Flavobacterium phage 11b	Flavobacterium sp
Enterobacteria phage alpha3	Escherichia coli
Lactobacillus phage phiadh	Lactobacillus gasseri
Listeria phage A118	Listeria monocytogenes
Yersinia phage phiYeO3-12	Yersinia enterocolitica
Enterobacteria phage phiP27	Escherichia coli
Lactobacillus phage A2	Lactobacillus casei
Streptococcus phage EJ-1	Streptococcus pneumoniae
Acinetobacter phage AP205	Acinetobacter genomosp
Bacillus phage phBC6A51	Bacillus cereus
Bacillus phage phBC6A52	Bacillus cereus
Enterobacteria phage RB69	Escherichia coli
Bacillus phage GIL16c	Bacillus thuringiensis
Listonella phage phiHSIC	Listonella pelagia
Enterobacteria phage ES18	Salmonella typhimurium
Pseudomonas phage phiKMV	Pseudomonas aeruginosa
Yersinia phage PY54	Yersinia enterocolitica
Haemophilus phage Aaphi23	Actinobacillus actinomycetemcomitans
Staphylococcus phage Twort	Staphylococcus aureus
Xanthomonas phage Xp15	Xanthomonas campestris
Staphylococcus phage PT1028	Staphylococcus aureus
Staphylococcus phage 66	Staphylococcus aureus
Staphylococcus phage 2638A	Staphylococcus aureus
Staphylococcus phage ROSA	Staphylococcus aureus
Enterobacteria phage RB43	Enterobacteriaceae
Stenotrophomonas phage SMA9	Stenotrophomonas maltophilia
Chlamydia phage 4	Chlamydophila abortus
Bacillus phage Gamma	Bacillus cereus
Phage phiJL001	alpha proteobacterium
Lactobacillus phage Lc-Nu	Lactobacillus rhamnosus
Clostridium phage c-st	Clostridium botulinum
Pseudomonas phage EL	Pseudomonas aeruginosa
Escherichia phage phiV10	Escherichia coli
Bacillus phage Fah	Bacillus anthracis
Pseudomonas phage F10	Pseudomonas aeruginosa
Pseudomonas phage 73	Pseudomonas aeruginosa
Pseudomonas phage 119X	Pseudomonas aeruginosa
Pseudomonas phage PA11	Pseudomonas aeruginosa
Pseudomonas phage M6	Pseudomonas aeruginosa
Pseudomonas phage F8	Pseudomonas aeruginosa
Sodalis phage phiSG1	Sodalis glossinidius
Enterobacteria phage ID2 Moscow/ID/2001	Escherichia coli
Pseudomonas phage vB_Pae-TbilisiM32	Pseudomonas aeruginosa
Pseudomonas phage vB_Pae-Kakheti25	Pseudomonas aeruginosa
Streptomyces phage mu1/6	Streptomyces aureofaciens
Staphylococcus phage TEM123	Staphylococcus aureus
Salisaeta icosahedral phage 1	Salisaeta sp
Acinetobacter bacteriophage AP22	Acinetobacter baumannii
Clostridium phage PhiS63	Clostridium perfringens
Cronobacter phage CR3	Cronobacter sakazakii
Xanthomonas phage vB_XveM_DIBBI	Xanthomonas vesicatoria
Bacillus phage PBC1	Bacillus cereus
Clostridium phage phiCP7R	Clostridium perfringens
Clostridium phage phiCPV4	Clostridium perfringens
Clostridium phage phiZP2	Clostridium perfringens
Bacillus phage BtCS33	Bacillus thuringiensis
Mannheimia phage phiMHaA1	Mannheimia haemolytica
Pasteurella phage F108	Pasteurella multocida
Mycobacterium phage Catera	Mycobacterium
Mycobacterium phage Cooper	Mycobacterium
Mycobacterium phage Orion	Mycobacterium
Mycobacterium phage PBI1	Mycobacterium
Mycobacterium phage PLot	Mycobacterium
Mycobacterium phage Pipefish	Mycobacterium
Mycobacterium phage Qyrzula	Mycobacterium
Pseudomonas phage PRR1	Pseudomonas
Synechococcus phage syn9	Synechococcus sp
Lactococcus phage Q54	Lactococcus lactis
Phormidium phage Pf-WMP4	Phormidium
Geobacillus phage GBSV1	Geobacillus sp
Stx2-converting phage 86	Escherichia coli
Ralstonia phage RSS1	Ralstonia solanacearum
Staphylococcus phage phiNM	Staphylococcus aureus
Yersinia phage Berlin	Yersinia pestis
Escherichia phage N4	Escherichia coli
Streptococcus phage SMP	Streptococcus suis
Erwinia amylovora phage Era103	Erwinia amylovora
Vibrio phage VP882	Vibrio parahaemolyticus
Streptococcus phage phi3396	Streptococcus dysgalactiae
Ralstonia phage RSA1	Ralstonia solanacearum
Burkholderia phage BcepGomr	Burkholderia cepacia
Synechococcus phage Syn5	Synechococcus sp
Propionibacterium phage PA6	Propionibacterium acnes
Phormidium phage Pf-WMP3	Leptolyngbya foveolarum
Lactobacillus phage LL-H	Lactobacillus delbrueckii
Microbacterium phage Min1	Microbacterium nematophilum
Bacillus phage 0305phi8-36	Bacillus thuringiensis
Corynebacterium phage P1201	Corynebacterium glutamicum
Streptococcus phage P9	Streptococcus equi
Enterobacteria phage Phi1	Escherichia coli
Listeria phage A500	Listeria monocytogenes
Listeria phage B025	Listeria monocytogenes
Listeria phage B054	Listeria monocytogenes
Listeria phage P35	Listeria monocytogenes
Listeria phage A006	Listeria monocytogenes
Staphylococcus phage SAP-2	Staphylococcus aureus
Enterococcus phage phiEF24C	Enterococcus faecalis
Pseudomonas phage LKD16	Pseudomonas aeruginosa
Thalassomonas phage BA3	Thalassomonas loyana
Enterobacteria phage phiEcoM-GJ1	Escherichia coli
Escherichia phage JS98	Escherichia coli
Pseudomonas phage YuA	Pseudomonas aeruginosa
Lactobacillus prophage Lj771	Lactobacillus johnsonii
Pseudomonas phage LUZ24	Pseudomonas aeruginosa
Pseudomonas phage LUZ19	Pseudomonas aeruginosa
Halomonas phage phiHAP-1	Halomonas aquamarina
Azospirillum phage Cd	Azospirillum brasilense
Lactococcus phage asccphi28	Lactococcus lactis
Salmonella phage Vi II-E1	Salmonella enterica
Escherichia phage Min27	Escherichia coli
Salmonella phage Fels-1	Salmonella typhimurium
Lactococcus phage 1706	Lactococcus lactis
Salmonella phage phiSG-JL2	Salmonella enterica
Streptococcus phage PH15	Streptococcus gordonii
Enterobacteria phage BA14	Escherichia coli
Enterobacteria phage EcoDS1	Escherichia coli
Enterobacteria phage 13a	Escherichia coli
Mycobacterium phage Nigel	Mycobacterium smegmatis
Mycobacterium phage Predator	Mycobacterium smegmatis
Pseudomonas phage PT2	Pseudomonas aeruginosa
Lactobacillus phage Lrm1	Lactobacillus rhamnosus
Sputnik virophage	Acanthamoeba polyphaga
Iodobacteriophage phiPLPE	Iodobacter sp
Pseudomonas phage LBL3	Pseudomonas aeruginosa
Pseudomonas phage LMA2	Pseudomonas aeruginosa
Ralstonia phage RSB1	Ralstonia solanacearum
Bacteroides phage B40-8	Bacteroides fragilis
Listeria phage P40	Listeria
Clostridium phage phiCP39-O	Clostridium perfringens
Staphylococcus phage phi2958PVL	Staphylococcus aureus
Stx2-converting phage 1717	Escherichia coli
Enterobacteria phage YYZ-2008	Escherichia coli
Pseudomonas phage PAJU2	Pseudomonas aeruginosa
Phage Gifsy-1	Salmonella typhimurium
Phage Gifsy-2	Salmonella typhimurium
Salmonella phage Fels-2	Salmonella typhimurium
Ralstonia phage RSM3	Ralstonia solanacearum
Bacteriophage APSE-2	Candidatus Hamiltonella
Stenotrophomonas phage S1	Stenotrophomonas maltophilia
Pseudomonas phage SN	Pseudomonas aeruginosa
Salmonella phage SE1	Salmonella enterica
Pseudomonas phage PB1	Pseudomonas aeruginosa
Lactobacillus phage Lv-1	Lactobacillus jensenii
Erwinia phage phiEa21-4	Erwinia amylovora
Salmonella phage epsilon34	Salmonella enterica
Mycobacterium phage Phlyer	Mycobacterium smegmatis
Pseudomonas phage phi2954	Pseudomonas syringae
Pseudomonas phage phikF77	Pseudomonas aeruginosa
Enterococcus phage EFAP-1	Enterococcus faecalis
Vibrio phage VP93	Vibrio parahaemolyticus
Lactococcus phage P087	Lactococcus lactis
Sulfitobacter phage EE36phi1	Sulfitobacter sp
Silicibacter phage DSS3phi2	Ruegeria pomeroyi
Escherichia phage JSE	Escherichia coli
Enterobacteria phage JS10	Escherichia coli
Escherichia phage wV8	Escherichia coli
Streptococcus phage PH10	Streptococcus oralis
Vibrio phage VEJphi	Vibrio cholerae
Staphylococcus phage phiPVL-CN125	Staphylococcus aureus
Enterobacteria phage St-1	Escherichia coli
Cyanophage PSS2	Prochlorococcus marinus
Burkholderia phage KS9	Burkholderia pyrrocinia
Salmonella phage g341c	Salmonella enterica
Staphylococcus phage P954	Staphylococcus aureus
Escherichia phage D108	Escherichia coli
Xylella phage Xfas53	Xylella fastidiosa
Sodalis phage SO1	Sodalis glossinidius
Pseudomonas phage phi-2	Pseudomonas fluorescens
Klebsiella phage KP32	Klebsiella pneumoniae
Klebsiella phage KP34	Klebsiella pneumoniae
Enterococcus phage phiFL3A	Enterococcus faecalis
Enterococcus phage phiFL1A	Enterococcus faecalis
Enterococcus phage phiFL4A	Enterococcus faecalis
Enterococcus phage phiFL2A	Enterococcus faecalis
Shigella phage Ag3	Shigella boydii
Enterococcus phage phiEf11	Enterococcus faecalis
Deftia phage phiW-14	Delftia acidovorans
Clavibacter phage CMP1	Clavibacter michiganensis
Pseudomonas phage LIT1	Pseudomonas aeruginosa
Pseudomonas phage LUZ7	Pseudomonas aeruginosa
Streptomyces phage phiSASD1	Streptomyces avermitilis
Enterobacteria phage IME08	Escherichia coli
Enterobacteria phage RB16	Escherichia coli
Shigella phage SP18	Shigella sonnei
Aeromonas phage phiAS4	Aeromonas salmonicida
Aeromonas phage phiAS5	Aeromonas salmonicida
Acinetobacter phage Acj61	Acinetobacter johnsonii
Enterobacter phage CC31	Escherichia coli
Acinetobacter phage Acj9	Acinetobacter johnsonii
Salmonella phage ST160	Salmonella enterica
Salmonella phage SS3e	Salmonella enterica
Mycobacterium phage SWU1	Mycobacterium smegmatis
Klebsiella phage K11	Klebsiella sp
Yersinia phage Yepe2	Yersinia pestis
Vibrio phage ICP1	Vibrio cholerae
Vibrio phage ICP2	Vibrio cholerae
Vibrio phage ICP3	Vibrio cholerae
Tsukamurella phage TPA2	Tsukamurella paurometabola
Enterobacteria phage 285P	Escherichia coli
Brochothrix phage NF5	Brochothrix thermosphacta
Brochothrix phage A9	Brochothrix thermosphacta
Brochothrix phage BL3	Brochothrix thermosphacta
Clostridium phage phiCD6356	Clostridium difficile
Lactococcus phage 949	Lactococcus lactis
Pseudomonas phage phiIBB-PF7A	Pseudomonas fluorescens
Burkholderia phage KS5	Burkholderia cenocepacia
Burkholderia phage KL3	Burkholderia ambifaria
Enterococcus phage EFRM31	Enterococcus faecalis
Burkholderia phage KS14	Burkholderia cenocepacia
Salmonella phage ViI	Salmonella enterica
Ralstonia phage PE226	Ralstonia solanacearum
Shigella phage Shfl2	Shigella flexneri
Synechococcus phage S-CBS2	Synechococcus sp
Synechococcus phage S-CBS3	Synechococcus sp
Roseobacter phage RDJL Phi 1	Roseobacter denitrificans
Clostridium phage phiCD38-2	Clostridium difficile
Synechococcus phage S-CRM01	Synechococcus sp
Pantoea phage LIMEzero	Pantoea agglomerans
Stenotrophomonas phage phiSHP2	Stenotrophomonas maltophilia
Gordonia phage GTE2	Gordonia terrae
Bdellovibrio phage phi1402	Bdellovibrio bacteriovorus
Thermus phage TMA	Thermus thermophilus
Salmonella phage 7-11	Salmonella enterica
Salmonella phage SFP10	Salmonella sp
Salmonella phage PVP-SE1	Salmonella enteritidis
Escherichia phage HK639	Escherichia coli
Escherichia phage HK75	Escherichia coli
Vibrio phage VCY-phi	Vibrio cholerae
Yersinia phage phiR1-37	Yersinia enterocolitica
Synechococcus phage S-CBS1	Synechococcus sp
Rhodobacter phage RcapMu	Rhodobacter capsulatus
Gordonia phage GTE7	Gordonia terrae
Gordonia phage GRU1	Gordonia rubropertincta
Gordonia phage GTE5	Gordonia terrae
Planktothrix phage PaV-LD	Planktothrix agardhii
Staphylococcus phage S24-1	Staphylococcus aureus
Helicobacter phage phiHP33	Helicobacter pylori
Nocardia phage NBR1	Nocardia brasiliensis
Pseudomonas phage OBP	Pseudomonas fluorescens
Rhodococcus phage RRH1	Rhodococcus rhodochrous
Rhodococcus phage REQ2	Rhodococcus equi
Rhodococcus phage REQ3	Rhodococcus equi
Salmonella phage SPN1S	pathenogenic Salmonella
Pseudomonas phage phi297	Pseudomonas aeruginosa
Pseudomonas phage Bf7	Pseudomonas tolaasii
Synechococcus phage S-CBS4	Synechococcus sp
Erwinia phage PEp14	Erwinia pyrifoliae
Bacteroides phage B124-14	Bacteroides fragilis
Shigella phage EP23	Shigella sonnei
Weissella phage phiYS61	Weissella cibaria
Propionibacterium phage P9.1	Propionibacterium acnes
Streptomyces phage phiHau3	Streptomyces coelicolor
Propionibacterium phage P100_A	Propionibacterium acnes
Propionibacterium phage P14.4	Propionibacterium acnes
Propionibacterium phage P100_1	Propionibacterium acnes
Propionibacterium phage P101A	Propionibacterium acnes
Propionibacterium phage P1.1	Propionibacterium acnes
Salmonella phage SSU5	Salmonella enterica
Propionibacterium phage P104A	Propionibacterium acnes
Escherichia phage P13374	Escherichia coli
Propionibacterium phage ATCC29399B_T	Propionibacterium acnes
Streptomyces phage SV1	Streptomyces venezuelae
Propionibacterium phage P105	Propionibacterium acnes
Propionibacterium phage P100D	Propionibacterium acnes
Streptomyce phage TG1	Streptomyces avermitilis
Bacillus phage BPS13	Bacillus cereus
Bacillus phage BCP78	Bacillus cereus
Propionibacterium phage ATCC29399B_C	Propionibacterium acnes
Listeria phage P70	Listeria sp
Escherichia phage vB_EcoM_ACG-C40	Escherichia coli
Cronobacter phage vB_CsaP_GAP52	Cronobacter sakazakii
Enterobacteria phage vB_EcoP_ACG-C91	Escherichia coli
Streptomyces phage R4	Streptomyces coelicolor
Clostridium phage phiMMP02	Clostridium difficile
Clostridium phage phiMMP04	Clostridium difficile
Pseudomonas phage JG024	Pseudomonas aeruginosa
Escherichia phage TL-2011c	Escherichia coli
Escherichia phage TL-2011b	Escherichia coli
Brucella phage Tb	Brucella abortus
Brucella phage Pr	Brucella melitensis
Staphylococcus phage GH15	Staphylococcus aureus
Pseudomonas phage NH-4	Pseudomonas aeruginosa
Caulobacter phage phiCb5	Caulobacter crescentus
Pantoea phage LIMElight	Pantoea agglomerans
Haemophilus phage SuMu	Haemophilus parasuis
Lactobacillus phage JCL1032	Lactobacillus delbrueckii
Vibrio phage CP-T1	Vibrio cholerae
Enterobacter phage EcP1	Enterobacter cloacae
Lactobacillus phage LF1	Lactobacillus sp
Salmonella phage RE-2010	Salmonella enterica
Lactobacillus phage Sha1	Lactobacillus sp
Riemerella phage RAP44	Riemerella anatipestifer
Clostridium phage phiCP26F	Clostridium perfringens
Enterobacteria phage Bp7	Escherichia coli
Enterobacteria phage IME10	Escherichia coli
Bacillus phage phIS3501	Bacillus thuringiensis
Escherichia phage ime09	Escherichia coli
Erwinia phage vB_EamM-Y2	Erwinia amylovora
Escherichia phage wV7	Escherichia coli
Clostridium phage phiCP13O	Clostridium perfringens
Clostridium phage phiCP34O	Clostridium perfringens
Helicobacter phage 1961P	Helicobacter pylori
Erwinia phage vB_EamP-S6	Erwinia amylovora
Bacillus phage BCD7	Bacillus cereus
Cyanophage S-TIM5	Synechococcus sp
Vibrio phage vB_VchM-138	Vibrio cholerae
Escherichia phage phiKT	Escherichia sp
Pectobacterium phage ZF40	Pectobacterium carotovorum
Clostridium phage phi24R	Clostridium perfringens
Enterobacter phage Enc34	Enterobacter cancerogenus
Bdellovibrio phage phi1422	Bdellovibrio bacteriovorus
Enterobacteria phage vB_KleM-RaK2	Klebsiella sp
Aeromonas phage vB_AsaM-56	Aeromonas salmonicida
Aeromonas phage phiAS7	Aeromonas salmonicida
Vibrio phage pVp-1	Vibrio parahaemolyticus
Salmonella phage Sh19	Salmonella typhimurium
Escherichia phage NJ01	Escherichia coli
Escherichia phage HX01	Escherichia coli
Dragonfly-associated microphage 1	Tramea lacerata
Cronobacter phage vB_CsaM_GAP161	Cronobacter sakazakii
Cronobacter phage vB_CsaM_GAP31	Cronobacter sakazakii
Stenotrophomonas phage IME15	Stenotrophomonas maltophilia
Escherichia phage IME11	Escherichia coli
Aeromonas phage CC2	Aeromonas hydrophila
Aeromonas phage Aes508	Aeromonas salmonicida
Salmonella phage SPN3UB	Salmonella typhimurium
Ralstonia phage RSS0	Ralstonia solanacearum
Liberibacter phage SC1	Candidatus Liberibacter
Liberibacter phage SC2	Candidatus Liberibacter
Salmonella phage epsilon15	Salmonella enterica
Actinoplanes phage phiAsp2	Actinoplanes sp
Burkholderia phage Bcep176	Burkholderia cepacia
Burkholderia phage KS10	Burkholderia cenocepacia
Escherichia phage FV3	Escherichia coli
Staphylococcus phage JD007	Staphylococcus aureus
Mycobacterium phage Giles	Mycobacterium smegmatis
Yersinia phage phiR1-RT	Yersinia enterocolitica
Yersinia phage phi80-18	Yersinia enterocolitica
Staphylococcus phage StB27	Staphylococcus hominis
Staphylococcus phage StB20	Staphylococcus capitis
Enterobacteria phage C-1 INW-2012	Enterobacteriaceae
Enterobacteria phage Hgal1	Enterobacteriaceae
Clostridium phage phi8074-B1	Clostridium sporogenes
Cronobacter phage ENT47670	Cronobacter sakazakii
Tetrasphaera phage TJE1	Tetrasphaera jenkinsii
Erwinia phage ENT90	Erwinia amylovora
Cronobacter phage ENT39118	Cronobacter sakazakii
Pseudomonas phage KPP12	Pseudomonas aeruginosa
Pseudomonas phage tf	Pseudomonas putida
Serratia phage phiMAM1	Serratia sp
Streptococcus phage TP-J34	Streptococcus thermophilus
Klebsiella phage JD001	Klebsiella pneumoniae
Enterococcus phage BC611	Enterococcus faecalis
Bacillus phage W.Ph.	Bacillus cereus
Pseudomonas phage JG004	Pseudomonas aeruginosa
Bacillus phage Bastille	Bacillus cereus
Enterobacteria phage UAB_Phi78	Salmonella enterica
Vibrio phage VvAW1	Vibrio vulnificus
Rhodobacter phage RcapNL	Rhodobacter capsulatus
Rhodococcus phage RGL3	Rhodococcus globerulus
Rhodococcus phage RER2	Rhodococcus erythropolis
Escherichia phage V5	Escherichia coli
Pseudomonas phage 201phi2-1	Pseudomonas chlororaphis
Staphylococcus phage 44AHJD	Staphylococcus aureus
Salmonella phage vB_SenMS16	Salmonella enterica
Bacillus phage vB_BceM_Bc431v3	Bacillus cereus
Aeromonas phage Aes012	Aeromonas sp
Pseudomonas phage Phi-S1	Pseudomonas fluorescens
Providencia phage Redjac	Providencia stuartii
Leuconostoc phage phiLN04	Leuconostoc pseudomesenteroides
Leuconostoc phage P793	Leuconostoc pseudomesenteroides
Pseudomonas phage UFV-P2	Pseudomonas fluorescens
Pseudomonas phage vB_PaeM_C2-10_Ab1	Pseudomonas aeruginosa
Bacillus phage PM1	Bacillus subtilis
Rhodococcus phage REQ1	Rhodococcus equi
Mycobacterium phage Leo	Mycobacterium tuberculosis
Streptococcus phage phiNJ2	Streptococcus suis
Rhodococcus phage E3	Rhodococcus equi
Staphylococcus phage StauST398-3	Staphylococcus aureus
Acinetobacter phage Abp1	Acinetobacter baumannii
Mycobacterium phage BTCU-1	Mycobacterium smegmatis
Staphylococcus phage StauST398-2	Staphylococcus aureus
Burkholderia phage ST79	Burkholderia pseudomallei
Vibrio phage JA-1	Vibrio cholerae
Alteromonas phage vB_AmaP_AD45-P1	Alteromonas macleodii
Mycobacterium phage WIVsmall	mycobacterium smegmatis
Mycobacterium phage Chy4	Mycobacterium tuberculosis
Mycobacterium phage Chy5	Mycobacterium tuberculosis
Salmonella phage FSL SP-031	Salmonella enterica
Salmonella phage FSL SP-004	Salmonella enterica
Lactococcus phage BM13	Lactococcus lactis
Puniceispirillum phage HMO-2011	Candidatus Puniceispirillum
Bacillus phage MG-B1	Bacillus weihenstephanensis
Escherichia phage PhaxI	Escherichia coli
Bacillus phage phiNIT1	Bacillus subtilis
Ralstonia phage RSS30	Ralstonia solanacearum
Ralstonia phage RSS20	Ralstonia solanacearum
Enterobacteria phage VT2-Sakai	Escherichia coli
Salmonella phage ST64T	Salmonella enterica
Clostridium phage vB_CpeS-CP51	Clostridium perfringens
Escherichia phage JES2013	Escherichia coli
Propionibacterium phage PHL112N00	Propionibacterium acnes
Propionibacterium phage PHL067M10	Propionibacterium acnes
Propionibacterium phage PHL010M04	Propionibacterium acnes
Propionibacterium phage PHL071N05	Propionibacterium acnes
Propionibacterium phage PHL060L00	Propionibacterium acnes
Propionibacterium phage PHL114L00	Propionibacterium acnes
Propionibacterium phage PHL113M01	Propionibacterium acnes
Propionibacterium phage PHL111M01	Propionibacterium acnes
Staphylococcus phage SA13	Staphylococcus aureus
Bacillus phage Wip1	Bacillus anthracis
Erwinia phage phiEaH2	Erwinia amylovora
